Season,Date,Event,Weight Class,Result,Result Type,Score,Opponent,Opponent ID,Opponent Record,Opponent School,Wrestler,Wrestler ID
2025,03/07,SoCon Championships,125,L,DEC,2 - 1,Waylon Rogers,93673,4 - 15,VMI,Brayden Adams,78607
2025,03/07,SoCon Championships,125,W,DEC,4 - 2,Luke Passarelli,78850,5 - 13,Davidson,Brayden Adams,78607
2025,03/07,SoCon Championships,125,L,TF5,18 - 3 6:19,Ty Tice,84391,7 - 19,Chattanooga,Brayden Adams,78607
2025,02/20,Presbyterian - VMI Dual,125,W,DEC,4 - 1,Waylon Rogers,93673,4 - 15,VMI,Brayden Adams,78607
2025,02/14,Bellarmine - Presbyterian Dual,125,L,TF5,19 - 4 2:38,Jack Parker,71291,15 - 11,Bellarmine,Brayden Adams,78607
2025,02/12,Truett-McConnell (Ga) - Presbyterian Dual,125,W,MD,9 - 1,Tyler Ramos,99159,Unlisted,Truett-McConnell,Brayden Adams,78607
2025,01/31,Chattanooga - Presbyterian Dual,125,L,MD,11 - 2,Ty Tice,84391,7 - 19,Chattanooga,Brayden Adams,78607
2025,01/27,Presbyterian - Appalachian State Dual,125,L,MD,9 - 0,Bryson Terrell,79650,11 - 13,Appalachian State,Brayden Adams,78607
2025,01/26,Presbyterian - The Citadel Dual,125,L,MD,14 - 3,Gylon Sims,84440,19 - 9,The Citadel,Brayden Adams,78607
2025,01/24,Air Force - Presbyterian Dual,125,L,DEC,4 - 2,Nico Tocci,73466,3 - 8,Air Force,Brayden Adams,78607
2025,01/15,St Andrews - Presbyterian Dual,125,W,TF5,19 - 3 4:34,Caleb Haynes,87117,Unlisted,St Andrews,Brayden Adams,78607
2025,11/23,Utah Valley - Presbyterian Dual,125,L,TF5,17 - 2 5:34,Bridger Ricks,82572,12 - 13,Utah Valley,Brayden Adams,78607
2025,11/23,Presbyterian - Duke Dual,125,L,SV-1,5 - 2,Ethan Grimminger,79008,3 - 13,Duke,Brayden Adams,78607
2025,11/23,American - Presbyterian Dual,125,L,FALL,4:38,JJ Peace,82775,15 - 6,American,Brayden Adams,78607
2025,11/17,Davidson - Presbyterian Dual,125,L,DEC,7 - 6,Luke Passarelli,78850,5 - 13,Davidson,Brayden Adams,78607
2025,11/09,Mountaineer Invitational,125,L,DEC,6 - 5,Enis Ljikovic,84455,3 - 16,Davidson,Brayden Adams,78607
2025,11/09,Mountaineer Invitational,125,L,SV-1,4 - 1,Colby McBride,79082,10 - 6,Appalachian State,Brayden Adams,78607
2025,11/03,Sacred Heart - Presbyterian Dual,125,L,DEC,11 - 4,Mike Manta,79721,2 - 4,Sacred Heart,Brayden Adams,78607
2024,03/09,SoCon Championships,133,L,TF5,17 - 2 4:28,Tyson Lane,75724,11 - 13,Gardner-Webb,Brayden Adams,78607
2024,03/09,SoCon Championships,133,L,FALL,2:44,Domenic Zaccone,56926,25 - 10,Campbell,Brayden Adams,78607
2024,02/23,Presbyterian - Davidson Dual,133,L,DEC,2 - 1,Hale Robinson,70746,5 - 9,Davidson,Brayden Adams,78607
2024,02/22,Presbyterian - The Citadel Dual,133,L,MD,15 - 1,George Rosas,78686,13 - 18,The Citadel,Brayden Adams,78607
2024,02/18,Campbell - Presbyterian Dual,133,L,TF5,21 - 6 2:47,Domenic Zaccone,56926,25 - 10,Campbell,Brayden Adams,78607
2024,02/15,Appalachian State - Presbyterian Dual,133,L,FALL,4:50,Ethan Oakley,62754,27 - 9,Appalachian State,Brayden Adams,78607
2024,02/11,Gardner-Webb - Presbyterian Dual,133,L,TF5,16 - 0 3:56,Tyson Lane,75724,11 - 13,Gardner-Webb,Brayden Adams,78607
2024,02/09,Presbyterian - Chattanooga Dual,133,L,FALL,1:36,Blake Boarman,70737,18 - 6,Chattanooga,Brayden Adams,78607
2024,02/03,VMI - Presbyterian Dual,133,L,TF5,19 - 1 6:22,Dyson Dunham,73559,21 - 16,VMI,Brayden Adams,78607
2024,01/21,Queens - Presbyterian Dual,133,W,DEC,10 - 8,Griffen Gonzales,73932,0 - 7,Queens,Brayden Adams,78607
2024,01/14,Truett-McConnell (Ga) - Presbyterian Dual,133,L,DEC,4 - 1,Stanley Lal,77771,Unlisted,Truett-McConnell,Brayden Adams,78607
2024,01/12,Cleveland State - Presbyterian Dual,133,L,DEC,9 - 3,Nick Molchak,78590,12 - 13,Cleveland State,Brayden Adams,78607
2024,01/12,Little Rock - Presbyterian Dual,133,L,TF5,15 - 0 7:00,Reid Nelson,72129,5 - 9,Little Rock,Brayden Adams,78607
2024,12/03,Michigan State - Presbyterian Dual,133,L,FALL,2:30,Andrew Hampton,73020,5 - 21,Michigan State,Brayden Adams,78607
2024,12/03,Presbyterian - Franklin & Marshall Dual,133,L,TF5,15 - 0 1:41,Mason Leiphart,73193,22 - 11,Franklin & Marshall,Brayden Adams,78607
2024,12/03,Presbyterian - Bloomsburg Dual,133,L,FALL,2:48,Michael Cassidy,59534,4 - 9,Bloomsburg,Brayden Adams,78607
2024,11/17,Northern Colorado - Presbyterian Dual,133,L,TF5,19 - 4 4:27,Dominick Serrano,61120,23 - 6,Northern Colorado,Brayden Adams,78607
2023,02/05,Newberry Open,133,W,FALL,5:51,Gabe Baldosaro,79064,Unlisted,Lander,Brayden Adams,78607
2023,02/05,Newberry Open,133,L,MD,15 - 5,Jp Gamez,74332,Unlisted,Newberry,Brayden Adams,78607
2023,02/05,Newberry Open,133,L,MD,17 - 7,Luke Martin,84067,Unlisted,Unattached,Brayden Adams,78607
2023,01/28,Appalachian Open,125,L,MD,8 - 0,Peyton Fenton,77869,3 - 1,Virginia,Brayden Adams,78607
2023,01/28,Appalachian Open,125,L,MD,13 - 2,Jeffrey Jacome,73699,5 - 11,Gardner-Webb,Brayden Adams,78607
2023,01/06,David Lehman Open,125,L,TF5,19 - 4 4:44,Jack Wagner,44755,21 - 10,North Carolina,Brayden Adams,78607
2023,01/06,David Lehman Open,125,L,DEC,9 - 6,Mike Manta,79721,3 - 14,Sacred Heart,Brayden Adams,78607
2023,12/21,George Mason Presbyterian ECM,133,L,MD,8 - 0,Patrick Schellpfeffer,69712,3 - 13,George Mason,Brayden Adams,78607
2023,11/19,Presbyterian Queens ECM,125,L,MD,9 - 0,Ashton Thompson,79817,1 - 6,Queens,Brayden Adams,78607
2023,11/13,Battle at the Citadel,125,W,DEC,5 - 2,Brandon Navixay,59799,Unlisted,Truett-McConnell,Brayden Adams,78607
2023,11/13,Battle at the Citadel,125,L,MD,10 - 2,Isaac Crowell,58909,Unlisted,Southeastern University,Brayden Adams,78607
2023,11/13,Battle at the Citadel,125,L,FALL,0:40,Maximillian Leete,72678,21 - 12,American,Brayden Adams,78607
2023,11/12,Michigan State - Presbyterian Dual,125,L,MD,15 - 5,Tristan Lujan,63015,14 - 11,Michigan State,Brayden Adams,78607
2024,03/09,SoCon Championships,125,L,TF5,16 - 1 2:30,Malik Hardy,73357,14 - 17,The Citadel,Trenton Dominguez,78608
2024,03/09,SoCon Championships,125,L,TF5,19 - 4 2:10,Anthony Molton,57207,21 - 5,Campbell,Trenton Dominguez,78608
2024,02/22,Presbyterian - The Citadel Dual,125,L,TF5,15 - 0 1:54,Malik Hardy,73357,14 - 17,The Citadel,Trenton Dominguez,78608
2024,01/12,Cleveland State - Presbyterian Dual,125,L,FALL,1:36,Benjamin Aranda,71804,11 - 13,Cleveland State,Trenton Dominguez,78608
2024,01/12,Little Rock - Presbyterian Dual,125,L,FALL,2:05,Jeremiah Reno,62342,14 - 11,Little Rock,Trenton Dominguez,78608
2024,12/03,Michigan State - Presbyterian Dual,125,L,FALL,4:19,Nick Corday,70986,6 - 9,Michigan State,Trenton Dominguez,78608
2024,12/03,Presbyterian - Franklin & Marshall Dual,125,L,DEC,9 - 4,Jack Parker,83327,9 - 10,Franklin & Marshall,Trenton Dominguez,78608
2024,12/03,Presbyterian - Bloomsburg Dual,125,L,FALL,5:22,Bronson Garber,56759,13 - 21,Bloomsburg,Trenton Dominguez,78608
2024,11/17,Northern Colorado - Presbyterian Dual,125,L,FALL,2:37,Stevo Poulin,71929,18 - 6,Northern Colorado,Trenton Dominguez,78608
2024,11/17,Presbyterian - Sacred Heart Dual,125,W,DEC,12 - 7,Jake Ice,73474,7 - 5,Sacred Heart,Trenton Dominguez,78608
2024,11/01,NC State - Presbyterian Dual,133,L,TF5,17 - 1 7:00,Jacob Cox,78618,11 - 3,NC State,Trenton Dominguez,78608
2023,01/22,The Citadel - Presbyterian Dual,125,L,FALL,0:24,Blair Orr,55804,13 - 11,The Citadel,Trenton Dominguez,78608
2023,01/22,VMI - Presbyterian Dual,125,L,DEC,4 - 3,Tony Burke,78464,5 - 13,VMI,Trenton Dominguez,78608
2023,01/06,David Lehman Open,125,L,FALL,0:52,Jaret Lane,50909,4 - 4,Lehigh,Trenton Dominguez,78608
2023,01/06,David Lehman Open,125,L,FALL,4:00,Bryce Beatty,72599,Unlisted,Millersville,Trenton Dominguez,78608
2023,12/16,Davidson Presbyterian ECM,133,L,FALL,2:44,Noah Burstein,59677,3 - 8,Davidson,Trenton Dominguez,78608
2023,11/19,Presbyterian - Queens Dual,125,W,FALL,5:40,Griffen Gonzales,73932,0 - 9,Queens,Trenton Dominguez,78608
2023,11/13,Battle at the Citadel,125,L,SV-1,9 - 7,Esau Bazilme,58906,Unlisted,Southeastern University,Trenton Dominguez,78608
2023,11/13,Battle at the Citadel,125,L,DEC,10 - 6,Shamil Kalmatov,72680,3 - 7,American,Trenton Dominguez,78608
2025,03/07,SoCon Championships,133,L,DEC,5 - 3,Hale Robinson,70746,1 - 9,Davidson,Tj Rodier,92517
2025,03/07,SoCon Championships,133,L,TF5,21 - 6 3:42,Blake Boarman,70737,20 - 8,Chattanooga,Tj Rodier,92517
2025,02/20,Presbyterian - VMI Dual,133,W,MD,16 - 3,Cody Tanner,93674,5 - 12,VMI,Tj Rodier,92517
2025,02/14,Bellarmine - Presbyterian Dual,133,L,TF5,20 - 3 5:15,Trayce Eckman,78874,12 - 16,Bellarmine,Tj Rodier,92517
2025,02/12,Truett-McConnell (Ga) - Presbyterian Dual,133,W,TF5,20 - 5 6:37,Stanley Lal,77771,Unlisted,Truett-McConnell,Tj Rodier,92517
2025,02/09,Campbell - Presbyterian Dual,133,L,TF5,18 - 0 2:13,Logan Heil,57515,14 - 13,Campbell,Tj Rodier,92517
2025,02/07,Presbyterian - Gardner-Webb Dual,133,L,TF5,22 - 6 2:13,TK Davis,84306,24 - 8,Gardner-Webb,Tj Rodier,92517
2025,01/31,Chattanooga - Presbyterian Dual,133,L,TF5,21 - 3 4:30,Blake Boarman,70737,20 - 8,Chattanooga,Tj Rodier,92517
2025,01/27,Presbyterian - Appalachian State Dual,133,L,DEC,1 - 0,Colby McBride,79082,10 - 6,Appalachian State,Tj Rodier,92517
2025,01/26,Presbyterian - The Citadel Dual,133,L,TF5,15 - 0 5:00,George Rosas,78686,12 - 15,The Citadel,Tj Rodier,92517
2025,01/24,Air Force - Presbyterian Dual,133,L,TF5,17 - 1 3:59,Gavin Caprella,83285,16 - 16,Air Force,Tj Rodier,92517
2025,01/15,St Andrews - Presbyterian Dual,133,L,DEC,5 - 2,Ayden Rader,83004,Unlisted,St Andrews,Tj Rodier,92517
2025,11/23,Utah Valley - Presbyterian Dual,133,L,TF5,15 - 0 3:02,Kase Mauger,65846,13 - 13,Utah Valley,Tj Rodier,92517
2025,11/23,Presbyterian - Duke Dual,133,L,MD,17 - 6,Raymond Adams,84586,6 - 24,Duke,Tj Rodier,92517
2025,11/23,American - Presbyterian Dual,133,L,FALL,0:14,Raymond Lopez,71769,20 - 13,American,Tj Rodier,92517
2025,11/17,Davidson - Presbyterian Dual,133,W,DEC,4 - 0,Enis Ljikovic,84455,3 - 16,Davidson,Tj Rodier,92517
2025,11/09,Mountaineer Open,133,W,DEC,4 - 1,Hudson Waldrop,79472,0 - 9,Campbell,Tj Rodier,92517
2025,11/09,Mountaineer Open,133,L,TF5,16 - 0 4:02,Logan Heil,57515,14 - 13,Campbell,Tj Rodier,92517
2025,11/09,Mountaineer Open,133,L,TF5,15 - 0 4:07,Charleston Baglio,92984,6 - 7,Appalachian State,Tj Rodier,92517
2025,11/03,Sacred Heart - Presbyterian Dual,133,L,TF5,18 - 3 3:27,Andrew Fallon,69899,8 - 15,Sacred Heart,Tj Rodier,92517
2024,01/27,Appalachian Open,141,L,TF5,19 - 1 3:14,Tyler Tracy,84335,11 - 8,NC State,Tj Rodier,92517
2024,11/18,King Open,133,L,FALL,4:41,Tristan Malette,87097,Unlisted,Newberry,Fernando Dominguez,87078
2024,11/18,King Open,133,L,TF5,18 - 1 7:00,Chance Cottingham,75006,Unlisted,UNC Pembroke,Fernando Dominguez,87078
2024,11/05,Pembroke Classic,133,W,FALL,1:34,Ryan Morris,87121,Unlisted,St Andrews,Fernando Dominguez,87078
2024,11/05,Pembroke Classic,133,W,DEC,7 - 1,Isaac Hall,87116,Unlisted,Truett-McConnell,Fernando Dominguez,87078
2024,11/05,Pembroke Classic,133,W,FALL,4:57,Devon Conner,87114,Unlisted,Unattached,Fernando Dominguez,87078
2024,11/05,Pembroke Classic,133,L,TF5,15 - 0 7:00,Easton Bishop,87071,Unlisted,Reinhardt University,Fernando Dominguez,87078
2024,11/05,Pembroke Classic,133,L,FALL,1:11,Hayden Waddell,62231,Unlisted,Mount Olive,Fernando Dominguez,87078
2025,03/07,SoCon Championships,141,L,DEC,7 - 2,Todd Carter,69785,20 - 5,Gardner-Webb,Ryan Luna,72566
2025,03/07,SoCon Championships,141,W,DEC,5 - 4,Eli Knight,73351,10 - 4,Chattanooga,Ryan Luna,72566
2025,03/07,SoCon Championships,141,L,DEC,3 - 2,AJ Rallo,78712,14 - 8,Bellarmine,Ryan Luna,72566
2025,02/20,Presbyterian - VMI Dual,141,W,DEC,5 - 1,Wayne Rold,84369,4 - 8,VMI,Ryan Luna,72566
2025,02/14,Bellarmine - Presbyterian Dual,141,L,DEC,4 - 3,AJ Rallo,78712,14 - 8,Bellarmine,Ryan Luna,72566
2025,02/12,Truett-McConnell (Ga) - Presbyterian Dual,141,W,TF5,18 - 3 3:00,Johnathan Pope,99185,Unlisted,Truett-McConnell,Ryan Luna,72566
2025,02/09,Campbell - Presbyterian Dual,141,W,FALL,6:24,Hudson Waldrop,79472,0 - 9,Campbell,Ryan Luna,72566
2025,02/07,Presbyterian - Gardner-Webb Dual,141,L,DEC,9 - 4,Todd Carter,69785,20 - 5,Gardner-Webb,Ryan Luna,72566
2025,01/27,Presbyterian - Appalachian State Dual,141,L,DEC,4 - 1,Aldo Hernandez,82481,16 - 12,Appalachian State,Ryan Luna,72566
2025,01/26,Presbyterian - The Citadel Dual,141,W,MD,13 - 1,Thomas Termini,78550,8 - 17,The Citadel,Ryan Luna,72566
2025,01/24,Air Force - Presbyterian Dual,141,L,MD,11 - 3,Carter Nogle,85026,14 - 14,Air Force,Ryan Luna,72566
2025,01/15,St Andrews - Presbyterian Dual,141,W,FALL,2:41,David Coptsias,85428,Unlisted,St Andrews,Ryan Luna,72566
2025,01/04,Southern Scuffle,141,W,DEC,5 - 0,Alex Braun,85108,6 - 3,Oklahoma,Ryan Luna,72566
2025,01/04,Southern Scuffle,141,W,FALL,4:42,Chase Hall,78650,1 - 4,Bellarmine,Ryan Luna,72566
2025,01/04,Southern Scuffle,141,L,SV-1,7 - 4,Kyren Butler,72944,11 - 5,Virginia,Ryan Luna,72566
2025,01/04,Southern Scuffle,141,L,DEC,3 - 1,Ian Oswalt,71942,17 - 7,Brown,Ryan Luna,72566
2025,01/04,Southern Scuffle,141,W,DEC,4 - 1,Devin Matthews,70150,11 - 14,LIU,Ryan Luna,72566
2025,11/23,Utah Valley - Presbyterian Dual,149,L,FALL,3:53,Tanner Frothinger,79474,11 - 11,Utah Valley,Ryan Luna,72566
2025,11/23,Presbyterian - Duke Dual,149,L,DEC,5 - 1,Sean O'Donnell,84398,7 - 16,Duke,Ryan Luna,72566
2025,11/23,American - Presbyterian Dual,149,L,MD,16 - 5,Gage Owen,78773,8 - 18,American,Ryan Luna,72566
2025,11/17,Davidson - Presbyterian Dual,149,L,MD,18 - 5,Xavier McKnight,84300,19 - 13,Davidson,Ryan Luna,72566
2025,11/09,Mountaineer Invitational,149,L,SV-1,6 - 3,Anderson Heap,84613,13 - 13,Davidson,Ryan Luna,72566
2025,11/09,Mountaineer Invitational,149,L,TF5,19 - 4 6:10,Xavier McKnight,84300,19 - 13,Davidson,Ryan Luna,72566
2025,11/03,Sacred Heart - Presbyterian Dual,149,W,DEC,4 - 3,Vincent Milazzo,69698,0 - 11,Sacred Heart,Ryan Luna,72566
2024,03/09,SoCon Championships,141,L,TF5,17 - 1 4:23,Isaiah Powe,84545,25 - 4,Chattanooga,Ryan Luna,72566
2024,03/09,SoCon Championships,141,L,DEC,4 - 0,Jacob Silka,78557,23 - 12,The Citadel,Ryan Luna,72566
2024,02/23,Presbyterian - Davidson Dual,141,L,DEC,4 - 0,Joshua Viarengo,71129,6 - 17,Davidson,Ryan Luna,72566
2024,02/22,Presbyterian - The Citadel Dual,141,L,MD,8 - 0,Jacob Silka,78557,23 - 12,The Citadel,Ryan Luna,72566
2024,02/18,Campbell - Presbyterian Dual,141,L,MD,16 - 3,Wynton Denkins,78619,15 - 9,Campbell,Ryan Luna,72566
2024,02/15,Appalachian State - Presbyterian Dual,141,L,TF5,19 - 3 6:08,Isaac Byers,62807,24 - 16,Appalachian State,Ryan Luna,72566
2024,01/05,David Lehman Open,141,L,TF5,16 - 1 5:51,Briar Priest,71951,11 - 3,Pittsburgh,Ryan Luna,72566
2024,01/05,David Lehman Open,141,W,DEC,7 - 0,Nathan Lucier,71763,16 - 14,Binghamton,Ryan Luna,72566
2024,01/05,David Lehman Open,141,L,TF5,17 - 2 5:59,Cole Matthews,50936,18 - 12,Pittsburgh,Ryan Luna,72566
2024,01/05,David Lehman Open,141,W,DEC,3 - 1,Michael Pizzuto,79485,11 - 10,Maryland,Ryan Luna,72566
2024,12/03,Michigan State - Presbyterian Dual,141,L,TF5,16 - 0 5:16,Jordan Hamdan,57705,20 - 13,Michigan State,Ryan Luna,72566
2024,12/03,Presbyterian - Franklin & Marshall Dual,141,L,DEC,9 - 6,Bryce Kresho,78572,15 - 20,Franklin & Marshall,Ryan Luna,72566
2024,12/03,Presbyterian - Bloomsburg Dual,141,W,TF5,21 - 5 3:41,Kevin Riedinger,82736,1 - 5,Bloomsburg,Ryan Luna,72566
2024,11/17,Northern Colorado - Presbyterian Dual,141,L,MD,13 - 2,Armando Garcia,73045,5 - 10,Northern Colorado,Ryan Luna,72566
2024,11/17,Presbyterian - Sacred Heart Dual,141,W,MD,12 - 4,Vincent Milazzo,69698,7 - 17,Sacred Heart,Ryan Luna,72566
2024,11/11,Mountaineer Invitational,141,W,TF5,15 - 0 7:00,Tyler Lamon,79479,0 - 9,Gardner-Webb,Ryan Luna,72566
2024,11/11,Mountaineer Invitational,141,L,DEC,4 - 2,Kaden Keiser,75728,17 - 11,Appalachian State,Ryan Luna,72566
2024,11/11,Mountaineer Invitational,141,L,DEC,3 - 2,Garrett Kuchan,69522,6 - 13,Air Force,Ryan Luna,72566
2024,11/01,NC State - Presbyterian Dual,141,L,DEC,6 - 4,Tyler Tracy,84335,11 - 8,NC State,Ryan Luna,72566
2023,01/28,Appalachian Open,141,W,DEC,7 - 4,Alfonso Vargas,76431,Unlisted,University of Florida,Ryan Luna,72566
2023,01/28,Appalachian Open,141,L,DEC,10 - 4,Kyren Butler,72944,13 - 10,Virginia,Ryan Luna,72566
2023,01/28,Appalachian Open,141,W,DEC,3 - 2,Evan Buchanan,66510,7 - 4,Virginia,Ryan Luna,72566
2023,01/28,Appalachian Open,141,W,DEC,5 - 1,Tyler Lamon,79479,2 - 10,Gardner-Webb,Ryan Luna,72566
2023,01/28,Appalachian Open,141,L,DEC,4 - 1,Riley Edwards,71715,10 - 8,Appalachian State,Ryan Luna,72566
2023,11/13,Battle at the Citadel,133,L,DEC,3 - 1,Elijah Lusk,75060,Unlisted,Lander,Ryan Luna,72566
2023,11/13,Battle at the Citadel,133,W,INJ,7:00,Cameron Morgan,78562,0 - 1,Duke,Ryan Luna,72566
2023,11/13,Battle at the Citadel,133,L,DEC,7 - 5,Drake Doolittle,62376,6 - 10,Duke,Ryan Luna,72566
2023,11/13,Battle at the Citadel,133,W,DEC,6 - 3,Eli Knight,73351,2 - 4,Chattanooga,Ryan Luna,72566
2023,11/13,Battle at the Citadel,133,W,DEC,7 - 2,Brayton Killiri,75820,5 - 10,The Citadel,Ryan Luna,72566
2023,11/06,Princeton Open,133,W,DEC,7 - 2,Garrett Totten,81066,Unlisted,Peddie School,Ryan Luna,72566
2023,11/06,Princeton Open,133,L,DEC,12 - 6,Nico Messina,67200,5 - 5,Rutgers,Ryan Luna,72566
2023,11/06,Princeton Open,133,W,FALL,2:05,Sean Pierson,60443,4 - 13,Princeton,Ryan Luna,72566
2023,11/06,Princeton Open,133,L,DEC,7 - 5,Joe Sparacio,78472,6 - 6,Hofstra,Ryan Luna,72566
2023,11/06,Princeton Open,133,W,FALL,4:42,Harvey Ridings,81061,Unlisted,Emmanuel,Ryan Luna,72566
2025,11/17,Davidson - Presbyterian Dual,141,L,INJ,1:16,Blake Reihner,85066,10 - 7,Davidson,Rey Ortiz,84972
2025,11/09,Mountaineer Open,141,L,FALL,1:02,Jack Bastarrika,84366,5 - 9,Virginia Tech,Rey Ortiz,84972
2025,11/09,Mountaineer Open,141,W,FALL,3:32,Grant Reece,92983,3 - 6,Appalachian State,Rey Ortiz,84972
2025,11/09,Mountaineer Open,141,L,FALL,2:41,Brayden Fahrbach,85037,9 - 7,Appalachian State,Rey Ortiz,84972
2024,01/21,Queens - Presbyterian Dual,141,W,TF5,20 - 5 6:32,Connor Goodman,79821,0 - 12,Queens,Rey Ortiz,84972
2024,01/19,Presbyterian - Bellarmine Dual,141,W,FALL,2:39,Shay Korhorn,79324,0 - 5,Bellarmine,Rey Ortiz,84972
2024,01/14,Truett-McConnell (Ga) - Presbyterian Dual,141,W,FALL,6:15,Frankie Salcedo,80161,Unlisted,Truett-McConnell,Rey Ortiz,84972
2024,01/12,Cleveland State - Presbyterian Dual,141,L,FALL,2:59,Dylan Layton,72925,16 - 9,Cleveland State,Rey Ortiz,84972
2024,01/12,Little Rock - Presbyterian Dual,141,L,FALL,2:26,Cael Keck,76500,7 - 8,Little Rock,Rey Ortiz,84972
2024,11/17,Presbyterian - Sacred Heart Dual,133,L,TF5,25 - 9 4:41,Andrew Fallon,69899,17 - 6,Sacred Heart,Rey Ortiz,84972
2025,03/07,SoCon Championships,149,W,CMFF,0 - 0,Patrick Jordon,79780,14 - 7,VMI,Eli Holiday,73010
2025,03/07,SoCon Championships,149,L,FALL,4:55,Joseph Giordano,84939,12 - 14,Gardner-Webb,Eli Holiday,73010
2025,03/07,SoCon Championships,149,L,FALL,6:08,Dayne Dalrymple,71790,9 - 15,Chattanooga,Eli Holiday,73010
2025,02/14,Bellarmine - Presbyterian Dual,149,L,MD,8 - 0,Zac Cowan,73532,13 - 16,Bellarmine,Eli Holiday,73010
2025,02/12,Truett-McConnell (Ga) - Presbyterian Dual,149,W,TF5,20 - 3 1:46,Elijah Mullins,98675,Unlisted,Truett-McConnell,Eli Holiday,73010
2025,02/09,Campbell - Presbyterian Dual,149,L,DEC,9 - 5,Wynton Denkins,78619,23 - 13,Campbell,Eli Holiday,73010
2025,02/07,Presbyterian - Gardner-Webb Dual,149,W,DEC,11 - 6,Sam Harris,78672,1 - 8,Gardner-Webb,Eli Holiday,73010
2025,01/31,Chattanooga - Presbyterian Dual,149,L,MD,10 - 1,Dayne Dalrymple,71790,9 - 15,Chattanooga,Eli Holiday,73010
2025,01/27,Presbyterian - Appalachian State Dual,149,L,TF5,20 - 3 4:55,Kaden Keiser,75728,15 - 8,Appalachian State,Eli Holiday,73010
2025,01/26,Presbyterian - The Citadel Dual,149,L,MD,11 - 0,Carson DesRosier,78491,26 - 7,The Citadel,Eli Holiday,73010
2025,01/24,Air Force - Presbyterian Dual,149,W,DEC,10 - 8,Alec Viduya,62759,8 - 16,Air Force,Eli Holiday,73010
2025,01/15,St Andrews - Presbyterian Dual,149,W,TF5,19 - 3 4:31,Eddy Ndayikengurukiye,95911,Unlisted,St Andrews,Eli Holiday,73010
2025,11/23,Utah Valley - Presbyterian Dual,157,L,FALL,4:47,Ryker Fullmer,93481,7 - 15,Utah Valley,Eli Holiday,73010
2025,11/23,Presbyterian - Duke Dual,157,L,FALL,1:24,Logan Fite,82648,2 - 8,Duke,Eli Holiday,73010
2025,11/17,Davidson - Presbyterian Dual,157,L,DEC,8 - 1,Tanner Peake,78288,13 - 5,Davidson,Eli Holiday,73010
2025,11/03,Sacred Heart - Presbyterian Dual,157,L,TF5,16 - 1 6:32,Felix Lettini,77386,9 - 13,Sacred Heart,Eli Holiday,73010
2024,03/09,SoCon Championships,157,L,TF5,18 - 3 7:00,Tanner Peake,78288,17 - 16,Davidson,Eli Holiday,73010
2024,03/09,SoCon Championships,157,L,DEC,6 - 0,Tyler Brignola,73727,6 - 18,Gardner-Webb,Eli Holiday,73010
2024,02/11,Gardner-Webb - Presbyterian Dual,157,L,MD,14 - 4,Tyler Brignola,73727,6 - 18,Gardner-Webb,Eli Holiday,73010
2024,02/09,Presbyterian - Chattanooga Dual,157,L,TF5,18 - 0 6:26,Lincoln Heck,66629,11 - 4,Chattanooga,Eli Holiday,73010
2024,02/03,VMI - Presbyterian Dual,157,W,SV-1,9 - 6,Josh Yost,62379,5 - 22,VMI,Eli Holiday,73010
2024,01/21,Queens - Presbyterian Dual,157,W,DEC,8 - 4,Suhaib Hatamleh,84826,0 - 15,Queens,Eli Holiday,73010
2024,01/19,Presbyterian - Bellarmine Dual,157,L,MD,20 - 8,Gray Ortis,78875,3 - 9,Bellarmine,Eli Holiday,73010
2024,01/14,Truett-McConnell (Ga) - Presbyterian Dual,157,W,TF5,19 - 4 6:15,Chase Bond,87053,Unlisted,Truett-McConnell,Eli Holiday,73010
2024,01/12,Cleveland State - Presbyterian Dual,157,W,DEC,13 - 11,Nick Abounader,78818,4 - 6,Cleveland State,Eli Holiday,73010
2024,01/05,David Lehman Open,157,L,MD,10 - 2,Richie Grungo,84321,6 - 8,Lehigh,Eli Holiday,73010
2024,01/05,David Lehman Open,157,L,TF5,15 - 0 3:39,Tyler Williams,59552,12 - 18,Drexel,Eli Holiday,73010
2024,12/03,Michigan State - Presbyterian Dual,157,L,MD,16 - 4,Clayton Jones,84473,8 - 7,Michigan State,Eli Holiday,73010
2024,12/03,Presbyterian - Franklin & Marshall Dual,157,L,MD,10 - 2,Dominic Wheatley,79945,4 - 14,Franklin & Marshall,Eli Holiday,73010
2024,12/03,Presbyterian - Bloomsburg Dual,157,L,MD,15 - 6,William Morrow,79213,12 - 22,Bloomsburg,Eli Holiday,73010
2024,11/17,Northern Colorado - Presbyterian Dual,157,L,TF5,16 - 1 3:00,Vince Zerban,73032,23 - 4,Northern Colorado,Eli Holiday,73010
2024,11/17,Presbyterian - Sacred Heart Dual,157,W,FALL,4:33,Brandon Teresa,69985,0 - 6,Sacred Heart,Eli Holiday,73010
2024,11/11,Mountaineer Invitational,157,L,FALL,6:24,Anthony Conetta,79084,15 - 12,Appalachian State,Eli Holiday,73010
2024,11/11,Mountaineer Invitational,157,L,TF5,19 - 3 7:00,Tommy Askey,67040,25 - 7,Appalachian State,Eli Holiday,73010
2024,11/01,NC State - Presbyterian Dual,157,L,DEC,3 - 1,Zach Karagias,78745,6 - 7,NC State,Eli Holiday,73010
2023,11/19,Presbyterian - Queens Dual,149,W,DEC,8 - 3,Nico D'Amico,73863,1 - 13,Queens,Eli Holiday,73010
2023,11/13,Battle at the Citadel,149,W,DEC,9 - 7,Michael Shannon,82079,Unlisted,Unattached,Eli Holiday,73010
2023,11/13,Battle at the Citadel,149,W,FALL,2:50,Damarrie Hayes,82074,Unlisted,Truett-McConnell,Eli Holiday,73010
2023,11/13,Battle at the Citadel,149,L,FALL,4:26,Jack Tangen,56150,Unlisted,Lander,Eli Holiday,73010
2023,11/13,Battle at the Citadel,149,L,DEC,3 - 0,Ethan Willis,62074,7 - 13,The Citadel,Eli Holiday,73010
2023,11/12,Michigan State - Presbyterian Dual,149,L,MD,10 - 0,Peyton Omania,56081,10 - 10,Michigan State,Eli Holiday,73010
2023,11/06,Princeton Open,149,L,FALL,3:34,Quinn Kinner,51144,23 - 9,Rider,Eli Holiday,73010
2023,11/06,Princeton Open,149,L,DEC,4 - 0,Steven Storm,67261,5 - 4,Lehigh,Eli Holiday,73010
2024,02/23,Presbyterian - Davidson Dual,157,L,TF5,17 - 0 4:12,Tanner Peake,78288,17 - 16,Davidson,Dakota Price,73008
2024,02/22,Presbyterian - The Citadel Dual,157,L,TF5,22 - 5 1:54,Hayden Watson,74085,12 - 12,The Citadel,Dakota Price,73008
2024,02/18,Campbell - Presbyterian Dual,157,L,FALL,0:19,Chris Earnest,78840,16 - 10,Campbell,Dakota Price,73008
2024,02/15,Appalachian State - Presbyterian Dual,157,L,TF5,17 - 1 2:24,Tommy Askey,67040,25 - 7,Appalachian State,Dakota Price,73008
2024,01/28,Newberry Open,157,L,TF5,19 - 1 7:00,John Grove,92607,Unlisted,Unattached,Dakota Price,73008
2024,01/28,Newberry Open,157,L,DEC,8 - 3,Titus Franklin,92587,Unlisted,The University of Alabama,Dakota Price,73008
2023,02/05,Newberry Open,141,L,FALL,1:40,Joe Gallow,83993,Unlisted,Keiser,Dakota Price,73008
2023,02/05,Newberry Open,141,W,FALL,5:09,Brandon Smith,75048,Unlisted,UNC Pembroke,Dakota Price,73008
2023,02/05,Newberry Open,141,L,FALL,0:32,Nate Cotroneo,62743,1 - 5,The Citadel,Dakota Price,73008
2023,01/28,Appalachian Open,141,L,MD,18 - 9,Alan Diaz,80194,1 - 4,Virginia Tech,Dakota Price,73008
2023,01/28,Appalachian Open,141,L,FALL,2:14,Thomas Termini,78550,2 - 5,The Citadel,Dakota Price,73008
2023,01/22,Presbyterian VMI ECM,149,W,FALL,1:41,Josh Yost,62379,6 - 9,VMI,Dakota Price,73008
2023,12/21,Duke Presbyterian ECM,141,L,FALL,2:17,Christian Colman,71684,3 - 15,Duke,Dakota Price,73008
2023,12/21,George Mason Presbyterian ECM,141,L,FALL,2:30,Shawn Nonaka,62580,5 - 6,George Mason,Dakota Price,73008
2023,11/13,Battle at the Citadel,141,L,FALL,0:38,Jarred Papscy,56827,8 - 12,Duke,Dakota Price,73008
2023,11/13,Battle at the Citadel,141,L,FALL,2:06,Dillon Roman,78297,9 - 10,The Citadel,Dakota Price,73008
2022,02/13,Newberry Open,141,L,TF5,16 - 1 7:00,Dayne Dalrymple,71790,7 - 7,Chattanooga,Dakota Price,73008
2022,02/13,Newberry Open,141,L,FALL,2:25,Jake Insko,70020,4 - 7,Chattanooga,Dakota Price,73008
2022,11/20,Life University Open,141,L,FALL,1:09,Kade Johnson,76683,Unlisted,Reinhardt University,Dakota Price,73008
2022,11/20,Life University Open,141,L,FALL,3:37,Josiah Fernandez,76421,Unlisted,Life University,Dakota Price,73008
2022,11/14,Georgia Open,141,L,DEC,15 - 10,Charles Hayes,76422,Unlisted,Emmanuel,Dakota Price,73008
2022,11/06,Battle at the Citadel,141,L,FALL,0:17,Skylar Caban,74350,Unlisted,Belmont Abbey,Dakota Price,73008
2022,11/06,Battle at the Citadel,141,L,FALL,0:43,Jackson Whitmire,71387,2 - 9,The Citadel,Dakota Price,73008
2025,03/07,SoCon Championships,157,L,DEC,4 - 1,Raymond Cmil,73243,6 - 11,VMI,Jamisen Colongione,78831
2025,03/07,SoCon Championships,157,L,DEC,2 - 0,Jeb Prechtel,84844,10 - 15,Bellarmine,Jamisen Colongione,78831
2025,02/20,Presbyterian - VMI Dual,157,L,DEC,7 - 6,Raymond Cmil,73243,6 - 11,VMI,Jamisen Colongione,78831
2025,02/14,Bellarmine - Presbyterian Dual,157,L,FALL,0:58,Jeb Prechtel,84844,10 - 15,Bellarmine,Jamisen Colongione,78831
2025,02/12,Truett-McConnell (Ga) - Presbyterian Dual,157,W,MD,19 - 5,Chase Bond,87053,Unlisted,Truett-McConnell,Jamisen Colongione,78831
2025,01/31,Chattanooga - Presbyterian Dual,157,L,TF5,21 - 6 6:12,Noah Castillo,67364,17 - 6,Chattanooga,Jamisen Colongione,78831
2025,01/27,Presbyterian - Appalachian State Dual,157,L,MD,19 - 7,Jeremiah Price,76306,22 - 9,Appalachian State,Jamisen Colongione,78831
2025,01/26,Presbyterian - The Citadel Dual,157,L,TF5,15 - 0 7:00,Tyler Badgett,67118,21 - 11,The Citadel,Jamisen Colongione,78831
2025,01/24,Air Force - Presbyterian Dual,165,L,MD,11 - 0,Logan Fowler,85030,8 - 8,Air Force,Jamisen Colongione,78831
2025,11/23,American - Presbyterian Dual,157,L,MD,14 - 3,Jack Nies,69901,10 - 18,American,Jamisen Colongione,78831
2024,02/03,Edinboro Open,157,L,DEC,4 - 1,Mike Zacur,77794,Unlisted,Mercyhurst,Jamisen Colongione,78831
2024,02/03,Edinboro Open,157,L,DEC,5 - 4,Matt Leehan,92668,5 - 5,Edinboro,Jamisen Colongione,78831
2024,01/05,David Lehman Open,157,W,MD,11 - 3,Christopher Arciuolo,77872,0 - 12,Franklin & Marshall,Jamisen Colongione,78831
2024,01/05,David Lehman Open,157,L,MD,13 - 3,Jude Swisher,73210,24 - 10,Pennsylvania,Jamisen Colongione,78831
2024,01/05,David Lehman Open,157,L,TF5,19 - 4 4:32,Charlie Evans,82060,6 - 8,Navy,Jamisen Colongione,78831
2024,12/03,Bob Quade Cyclone Open,149,W,TF5,16 - 0 2:51,Mike Tandurella,89857,Unlisted,Bergen Community College,Jamisen Colongione,78831
2024,12/03,Bob Quade Cyclone Open,149,W,MFOR,0 - 0,Raymond Gardner,89854,Unlisted,James Madison,Jamisen Colongione,78831
2024,12/03,Bob Quade Cyclone Open,149,W,FALL,1:25,Cisco Rios,89848,Unlisted,Middlesex Community College,Jamisen Colongione,78831
2024,12/03,Bob Quade Cyclone Open,149,L,DEC,9 - 4,Zach Lewis,70201,Unlisted,East Stroudsburg,Jamisen Colongione,78831
2024,12/03,Bob Quade Cyclone Open,149,L,DEC,9 - 5,Aaron Briscoe,87241,Unlisted,Centenary,Jamisen Colongione,78831
2024,11/12,Journeymen Classic,149,L,INJ,7:00,William McMullen,84607,4 - 9,LIU,Jamisen Colongione,78831
2024,11/12,Journeymen Classic,149,W,DEC,3 - 2,Nick Demarco,73476,0 - 4,Sacred Heart,Jamisen Colongione,78831
2024,11/12,Journeymen Classic,149,L,DEC,2 - 1,Cole Stone,81583,3 - 7,Army West Point,Jamisen Colongione,78831
2025,03/07,SoCon Championships,165,W,DEC,6 - 3,Logan Chambers,92970,4 - 16,VMI,Joshua Roe,84973
2025,03/07,SoCon Championships,165,L,MD,15 - 3,Tyler Brignola,73727,4 - 15,Gardner-Webb,Joshua Roe,84973
2025,03/07,SoCon Championships,165,L,TF5,19 - 4 7:00,Jackson Hurst,73352,11 - 19,Chattanooga,Joshua Roe,84973
2025,02/20,Presbyterian - VMI Dual,165,L,MD,9 - 1,Logan Chambers,92970,4 - 16,VMI,Joshua Roe,84973
2025,02/14,Bellarmine - Presbyterian Dual,165,L,TF5,16 - 1 5:13,Cole Nance,73533,14 - 16,Bellarmine,Joshua Roe,84973
2025,02/12,Truett-McConnell (Ga) - Presbyterian Dual,165,W,TF5,21 - 6 2:59,Christian Anderson,87125,Unlisted,Truett-McConnell,Joshua Roe,84973
2025,02/09,Campbell - Presbyterian Dual,165,L,MD,15 - 4,Domonic Baker,71742,22 - 11,Campbell,Joshua Roe,84973
2025,02/07,Presbyterian - Gardner-Webb Dual,165,L,TF5,21 - 4 5:54,Grant Kress,93089,6 - 9,Gardner-Webb,Joshua Roe,84973
2025,01/31,Chattanooga - Presbyterian Dual,165,L,TF5,19 - 4 5:43,Jackson Hurst,73352,11 - 19,Chattanooga,Joshua Roe,84973
2025,01/27,Presbyterian - Appalachian State Dual,165,L,TF5,17 - 1 4:00,Will Miller,73102,18 - 4,Appalachian State,Joshua Roe,84973
2025,01/26,Presbyterian - The Citadel Dual,165,L,FALL,3:44,Thomas Snipes,73714,27 - 9,The Citadel,Joshua Roe,84973
2025,01/24,Air Force - Presbyterian Dual,157,L,TF5,17 - 1 5:31,Josh Palacio,78994,4 - 5,Air Force,Joshua Roe,84973
2025,11/23,American - Presbyterian Dual,165,L,MD,11 - 3,Kaden Milheim,78789,13 - 14,American,Joshua Roe,84973
2025,11/09,Mountaineer Open,165,W,FALL,4:27,Joshua Williams,83341,0 - 2,Presbyterian,Joshua Roe,84973
2025,11/09,Mountaineer Open,165,L,MD,14 - 1,Jayden Dobeck,80125,7 - 4,Appalachian State,Joshua Roe,84973
2025,11/09,Mountaineer Open,165,L,DEC,12 - 5,Jayden Dobeck,80125,7 - 4,Appalachian State,Joshua Roe,84973
2025,11/03,Sacred Heart - Presbyterian Dual,165,L,DEC,9 - 6,Mike McGhee,73485,1 - 6,Sacred Heart,Joshua Roe,84973
2024,02/25,Wildcat Open,165,L,MD,12 - 1,Marcus Murabito,78999,10 - 10,North Carolina,Joshua Roe,84973
2024,02/25,Wildcat Open,165,L,FALL,1:29,AJ Kovacs,62442,11 - 7,NC State,Joshua Roe,84973
2024,02/25,Wildcat Open,165,W,MD,11 - 3,Alex Hopper,84575,1 - 7,Appalachian State,Joshua Roe,84973
2024,02/09,Presbyterian - Chattanooga Dual,174,L,TF5,16 - 1 3:28,Sergio Desiante,78495,17 - 8,Chattanooga,Joshua Roe,84973
2024,01/28,Newberry Open,165,W,TF5,23 - 6 7:00,Brett Baker,88154,Unlisted,The University of Alabama,Joshua Roe,84973
2024,01/28,Newberry Open,165,W,DEC,16 - 10,Ben Lampe,87092,Unlisted,Newberry,Joshua Roe,84973
2024,01/28,Newberry Open,165,L,FALL,5:00,Noah Roulo,61776,Unlisted,Unattached,Joshua Roe,84973
2024,01/28,Newberry Open,165,L,TF5,18 - 2 7:00,Seth Thomas,70237,Unlisted,Mount Olive,Joshua Roe,84973
2024,01/28,Newberry Open,165,W,DEC,1 - 0,David Varner,75996,Unlisted,UNC Pembroke,Joshua Roe,84973
2024,01/12,Little Rock - Presbyterian Dual,174,L,FALL,2:20,Tyler Brennan,62844,19 - 5,Little Rock,Joshua Roe,84973
2024,01/05,David Lehman Open,165,L,MD,10 - 2,Jonathan Parrilla,62455,Unlisted,Millersville,Joshua Roe,84973
2024,01/05,David Lehman Open,165,L,TF5,16 - 0 4:20,Joshua Kim,51200,13 - 7,Harvard,Joshua Roe,84973
2024,12/03,Presbyterian - Franklin & Marshall Dual,165,L,MD,16 - 3,Josh Palmucci,78645,6 - 16,Franklin & Marshall,Joshua Roe,84973
2024,11/11,Mountaineer Open,165,W,DEC,11 - 4,Ethan Kring,82282,Unlisted,Greensboro,Joshua Roe,84973
2024,11/11,Mountaineer Open,165,L,TF5,18 - 1 3:43,Michael Murphy,79310,12 - 7,Virginia,Joshua Roe,84973
2024,11/11,Mountaineer Open,165,L,TF5,17 - 2 5:17,Michael Murphy,79310,12 - 7,Virginia,Joshua Roe,84973
2024,11/11,Mountaineer Open,165,W,INJ,7:00,Tyler Hicks,84941,2 - 10,Gardner-Webb,Joshua Roe,84973
2024,11/11,Mountaineer Open,165,W,TF5,19 - 3 6:08,Josh Ward,84938,0 - 6,Gardner-Webb,Joshua Roe,84973
2025,11/09,Mountaineer Open,165,L,FALL,4:27,Joshua Roe,84973,2 - 14,Presbyterian,Joshua Williams,83341
2025,11/09,Mountaineer Open,165,L,FALL,0:49,Omaury Alvarez,82945,10 - 6,North Carolina,Joshua Williams,83341
2024,03/09,SoCon Championships,174,L,FALL,1:54,Brodie Porter,79293,12 - 13,The Citadel,Joshua Williams,83341
2024,03/09,SoCon Championships,174,L,FALL,1:34,Austin Murphy,51608,23 - 8,Campbell,Joshua Williams,83341
2024,02/22,Presbyterian - The Citadel Dual,174,L,FALL,0:23,Brodie Porter,79293,12 - 13,The Citadel,Joshua Williams,83341
2024,02/18,Campbell - Presbyterian Dual,174,L,FALL,1:12,Riley Augustine,69727,6 - 5,Campbell,Joshua Williams,83341
2024,02/15,Appalachian State - Presbyterian Dual,174,L,FALL,1:40,Lucas Uliano,71130,21 - 11,Appalachian State,Joshua Williams,83341
2024,01/28,Newberry Open,165,L,FALL,2:23,Terry Hildebrand,83995,Unlisted,Clemson,Joshua Williams,83341
2024,01/28,Newberry Open,165,L,FALL,3:28,William Lowery,71171,Unlisted,UNC Pembroke,Joshua Williams,83341
2023,02/05,Newberry Open,157,L,MD,13 - 2,Jj Herninko,83999,Unlisted,Unattached,Joshua Williams,83341
2023,02/05,Newberry Open,157,L,FALL,1:54,Toure Moore,73864,1 - 7,Queens,Joshua Williams,83341
2023,01/28,Appalachian Open,157,L,TF5,16 - 0 3:11,Thomas Snipes,73714,11 - 6,The Citadel,Joshua Williams,83341
2023,01/28,Appalachian Open,157,L,TF5,19 - 2 6:09,Ethan Barrett,67423,1 - 7,VMI,Joshua Williams,83341
2023,12/21,Duke Presbyterian ECM,157,L,FALL,2:06,Logan Ferrero,74330,3 - 11,Duke,Joshua Williams,83341
2023,12/16,Davidson Presbyterian ECM,157,L,FALL,2:52,Daniel Yetsick,62966,1 - 7,Davidson,Joshua Williams,83341
2025,11/23,Utah Valley - Presbyterian Dual,174,L,FALL,4:48,Mark Takara,79282,11 - 14,Utah Valley,Reed Douglass,80038
2025,11/23,Presbyterian - Duke Dual,174,W,TF5,26 - 10 6:47,David Hussey,84302,3 - 18,Duke,Reed Douglass,80038
2025,11/23,American - Presbyterian Dual,174,L,TF5,21 - 6 4:04,Caleb Campos,78804,24 - 13,American,Reed Douglass,80038
2025,11/17,Davidson - Presbyterian Dual,174,L,MD,14 - 6,Marc Koch,73735,9 - 16,Davidson,Reed Douglass,80038
2025,11/09,Mountaineer Open,174,L,DEC,9 - 4,Nolan O'Boyle,79776,13 - 9,North Carolina,Reed Douglass,80038
2025,11/09,Mountaineer Open,174,W,FALL,4:28,Bodie Morgan,84449,2 - 12,Davidson,Reed Douglass,80038
2025,11/09,Mountaineer Open,174,W,DEC,15 - 10,Joe Zovistoski,73103,11 - 6,Appalachian State,Reed Douglass,80038
2025,11/03,Sacred Heart - Presbyterian Dual,174,L,MD,16 - 7,Aidan Zarrella,79730,9 - 11,Sacred Heart,Reed Douglass,80038
2024,12/03,Michigan State - Presbyterian Dual,174,L,TF5,15 - 0 7:00,Marty Larkin,69873,14 - 9,Michigan State,Reed Douglass,80038
2024,12/03,Presbyterian - Franklin & Marshall Dual,174,L,DEC,15 - 10,Noah Fox,67280,24 - 9,Franklin & Marshall,Reed Douglass,80038
2024,12/03,Presbyterian - Bloomsburg Dual,174,L,FALL,0:25,Josh Bonomo,74512,3 - 6,Bloomsburg,Reed Douglass,80038
2024,11/17,Northern Colorado - Presbyterian Dual,174,W,TF5,28 - 11 6:27,Ayden Rix-McElhinney,79043,6 - 10,Northern Colorado,Reed Douglass,80038
2024,11/17,Presbyterian - Sacred Heart Dual,174,W,TF5,18 - 3 6:34,Owen Ayotte,73486,1 - 15,Sacred Heart,Reed Douglass,80038
2024,11/11,Mountaineer Invitational,174,L,DEC,9 - 5,Logan Eller,82482,7 - 14,Appalachian State,Reed Douglass,80038
2024,11/11,Mountaineer Invitational,174,L,MD,12 - 1,Noah Blake,57245,11 - 11,Air Force,Reed Douglass,80038
2024,11/01,NC State - Presbyterian Dual,174,L,MD,18 - 6,Alex Faison,56428,14 - 14,NC State,Reed Douglass,80038
2023,01/28,Appalachian Open,174,L,FALL,2:15,Adam Ortega,78687,3 - 6,The Citadel,Reed Douglass,80038
2023,01/28,Appalachian Open,174,L,MD,11 - 0,Will Miller,73102,24 - 12,Appalachian State,Reed Douglass,80038
2023,01/06,David Lehman Open,174,W,MD,18 - 5,Mervin Mancia,69907,0 - 3,American,Reed Douglass,80038
2023,01/06,David Lehman Open,174,W,DEC,11 - 7,Garrett Bilgrav,59824,1 - 3,Columbia,Reed Douglass,80038
2023,01/06,David Lehman Open,174,L,DEC,8 - 3,Brad Kata,51984,5 - 5,American,Reed Douglass,80038
2023,01/06,David Lehman Open,174,L,DEC,6 - 5,Isaac Dean,72506,6 - 16,Rider,Reed Douglass,80038
2023,01/06,David Lehman Open,174,W,DEC,11 - 5,Mason Karpinski,63010,2 - 8,Kent State,Reed Douglass,80038
2023,12/02,Presbyterian - Truett-McConnell (Ga) Dual,174,W,DEC,9 - 3,Ian James,59802,Unlisted,Truett-McConnell,Reed Douglass,80038
2023,11/19,Presbyterian Queens ECM,174,W,MD,18 - 8,Sebastian Shered,79824,0 - 6,Queens,Reed Douglass,80038
2023,11/19,Presbyterian - Queens Dual,174,W,DEC,8 - 4,JT Skalecki,62062,0 - 9,Queens,Reed Douglass,80038
2023,11/13,Battle at the Citadel,174,L,DEC,6 - 5,Jack Bond,56516,Unlisted,Lander,Reed Douglass,80038
2023,11/13,Battle at the Citadel,174,L,SV-1,3 - 1,Benjamin Haubert,71286,19 - 11,The Citadel,Reed Douglass,80038
2023,11/12,Michigan State - Presbyterian Dual,174,W,DEC,13 - 8,Marty Larkin,69873,5 - 10,Michigan State,Reed Douglass,80038
2023,11/06,Princeton Open,174,L,DEC,8 - 3,Michael Wilson,62190,26 - 11,Rider,Reed Douglass,80038
2023,11/06,Princeton Open,174,L,DEC,8 - 6,Stefan Major,60768,Unlisted,Stevens Tech,Reed Douglass,80038
2025,03/07,SoCon Championships,174,L,DEC,9 - 3,Luke Hart,72524,6 - 12,VMI,Nathan Furman,84968
2025,03/07,SoCon Championships,174,L,DEC,7 - 2,Andrew Wilson,73732,6 - 18,Gardner-Webb,Nathan Furman,84968
2025,02/07,Presbyterian - Gardner-Webb Dual,174,L,DEC,7 - 5,Andrew Wilson,73732,6 - 18,Gardner-Webb,Nathan Furman,84968
2025,01/31,Chattanooga - Presbyterian Dual,174,L,MD,11 - 2,Sergio Desiante,78495,23 - 4,Chattanooga,Nathan Furman,84968
2025,01/27,Presbyterian - Appalachian State Dual,174,L,FALL,0:29,Lucas Uliano,71130,22 - 8,Appalachian State,Nathan Furman,84968
2025,01/26,Presbyterian - The Citadel Dual,174,L,DEC,8 - 2,Benjamin Haubert,71286,17 - 11,The Citadel,Nathan Furman,84968
2025,01/24,Air Force - Presbyterian Dual,184,L,MD,11 - 1,Gage Musser,71710,14 - 11,Air Force,Nathan Furman,84968
2025,11/23,Utah Valley - Presbyterian Dual,165,L,MD,8 - 0,Alex Emmer,72614,2 - 1,Utah Valley,Nathan Furman,84968
2025,11/23,Presbyterian - Duke Dual,165,L,TF5,18 - 0 5:00,Aiden Wallace,84303,22 - 10,Duke,Nathan Furman,84968
2025,11/17,Davidson - Presbyterian Dual,165,L,DEC,10 - 5,Bryce Griffin,85067,13 - 15,Davidson,Nathan Furman,84968
2024,02/03,VMI - Presbyterian Dual,184,L,FALL,3:33,Toby Schoffstall,79340,5 - 9,VMI,Nathan Furman,84968
2024,01/21,Queens - Presbyterian Dual,174,W,FALL,2:55,Greg Merriman,84827,2 - 12,Queens,Nathan Furman,84968
2024,01/19,Presbyterian - Bellarmine Dual,174,L,MD,14 - 1,Cole Nance,73533,8 - 11,Bellarmine,Nathan Furman,84968
2024,01/14,Truett-McConnell (Ga) - Presbyterian Dual,174,W,FALL,3:51,Spencer Fields,80143,Unlisted,Truett-McConnell,Nathan Furman,84968
2025,02/12,Truett-McConnell (Ga) - Presbyterian Dual,174,W,TF5,19 - 4 1:54,Mason Johnson,76684,Unlisted,Truett-McConnell,George Cody,93831
2025,02/20,Presbyterian - VMI Dual,174,L,MD,12 - 4,Luke Hart,72524,6 - 12,VMI,Brandon Jacoby,80039
2025,02/14,Bellarmine - Presbyterian Dual,174,L,TF5,17 - 2 2:21,Grant O'Dell,78484,18 - 11,Bellarmine,Brandon Jacoby,80039
2024,02/23,Presbyterian - Davidson Dual,174,L,MD,10 - 0,Marc Koch,73735,10 - 15,Davidson,Brandon Jacoby,80039
2024,02/11,Gardner-Webb - Presbyterian Dual,174,L,TF5,20 - 3 5:48,Samuel Mora,62408,8 - 19,Gardner-Webb,Brandon Jacoby,80039
2024,02/03,VMI - Presbyterian Dual,174,L,FALL,2:42,Braxton Lewis,78474,18 - 9,VMI,Brandon Jacoby,80039
2024,01/12,Cleveland State - Presbyterian Dual,174,L,MD,10 - 2,Deandre Nassar,62202,8 - 13,Cleveland State,Brandon Jacoby,80039
2024,11/11,Mountaineer Invitational,165,L,FALL,4:19,Nick Hamilton,73501,14 - 9,Virginia,Brandon Jacoby,80039
2024,11/11,Mountaineer Invitational,165,L,MD,11 - 2,Andrew Wilson,73732,4 - 21,Gardner-Webb,Brandon Jacoby,80039
2023,02/05,Newberry Open,165,L,FALL,1:16,Greg Hilliard,84000,Unlisted,Unattached,Brandon Jacoby,80039
2023,02/05,Newberry Open,165,W,INJ,7:00,Matt Jenkins,63342,Unlisted,Unattached,Brandon Jacoby,80039
2023,02/05,Newberry Open,165,W,MFOR,0 - 0,Alex Dillegge,63309,Unlisted,Limestone,Brandon Jacoby,80039
2023,02/05,Newberry Open,165,W,MFOR,0 - 0,Kamdyn Munro,71789,8 - 5,Chattanooga,Brandon Jacoby,80039
2023,12/21,Duke Presbyterian ECM,157,L,DEC,7 - 1,Logan Ferrero,74330,3 - 11,Duke,Brandon Jacoby,80039
2023,12/02,Presbyterian Truett ECM,157,W,FALL,4:52,Mason Johnson,76684,Unlisted,Truett-McConnell,Brandon Jacoby,80039
2023,11/19,Presbyterian - Queens Dual,157,W,DEC,15 - 9,David Makupson,79818,0 - 9,Queens,Brandon Jacoby,80039
2023,11/13,Battle at the Citadel,157,L,MD,12 - 0,Salvador Silva,76667,Unlisted,Southeastern University,Brandon Jacoby,80039
2023,11/13,Battle at the Citadel,157,L,DEC,12 - 6,Preston Decker,69856,2 - 8,Duke,Brandon Jacoby,80039
2023,11/12,Michigan State - Presbyterian Dual,157,L,FALL,1:44,Chase Saldate,61118,26 - 8,Michigan State,Brandon Jacoby,80039
2025,03/07,SoCon Championships,197,L,TF5,15 - 0 3:11,Savoy New,84456,2 - 10,Davidson,Toler Hornick,93829
2025,03/07,SoCon Championships,197,L,TF5,17 - 1 6:11,Logan Webster,78501,2 - 10,Chattanooga,Toler Hornick,93829
2025,02/20,Presbyterian - VMI Dual,197,L,TF5,15 - 0 1:27,Toby Schoffstall,79340,15 - 8,VMI,Toler Hornick,93829
2025,02/09,Campbell - Presbyterian Dual,197,L,TF5,18 - 1 2:44,Levi Hopkins,62508,23 - 8,Campbell,Toler Hornick,93829
2025,02/07,Presbyterian - Gardner-Webb Dual,197,L,TF5,15 - 0 1:17,Joshua McCutchen,75730,14 - 16,Gardner-Webb,Toler Hornick,93829
2025,01/31,Chattanooga - Presbyterian Dual,197,L,MD,15 - 4,Logan Webster,78501,2 - 10,Chattanooga,Toler Hornick,93829
2025,01/27,Presbyterian - Appalachian State Dual,197,L,DEC,11 - 6,Hunter Adams,75723,3 - 2,Appalachian State,Toler Hornick,93829
2025,01/26,Presbyterian - The Citadel Dual,197,L,DEC,15 - 8,Roy Price,79294,4 - 6,The Citadel,Toler Hornick,93829
2025,01/24,Air Force - Presbyterian Dual,197,L,TF5,17 - 0 3:33,Brian Burburjia,79299,22 - 12,Air Force,Toler Hornick,93829
2025,11/23,Presbyterian - Duke Dual,197,L,TF5,22 - 7 5:34,Vincent Lee,93063,9 - 7,Duke,Toler Hornick,93829
2025,11/17,Davidson - Presbyterian Dual,197,L,MD,14 - 4,Dylan Smith,84397,1 - 2,Davidson,Toler Hornick,93829
2025,11/09,Mountaineer Invitational,197,L,TF5,19 - 2 5:18,Glean Gonzalez,93765,2 - 9,Virginia Tech,Toler Hornick,93829
2025,11/09,Mountaineer Invitational,197,L,TF5,15 - 0 2:10,Carson Floyd,78561,21 - 10,Appalachian State,Toler Hornick,93829
2025,11/03,Sacred Heart - Presbyterian Dual,197,L,FALL,0:31,Jake Trovato,84017,1 - 7,Sacred Heart,Toler Hornick,93829
2025,02/14,Bellarmine - Presbyterian Dual,197,L,TF5,19 - 2 3:28,Andrew Liber,84842,17 - 14,Bellarmine,George Hopkins,80040
2025,02/12,Truett-McConnell (Ga) - Presbyterian Dual,197,W,DEC,13 - 11,Spencer Fields,80143,Unlisted,Truett-McConnell,George Hopkins,80040
2025,01/31,Chattanooga - Presbyterian Dual,285,L,FALL,1:37,Ethan Vergara,82713,7 - 13,Chattanooga,George Hopkins,80040
2025,11/23,Utah Valley - Presbyterian Dual,197,L,FALL,1:19,Kael Bennie,84802,12 - 13,Utah Valley,George Hopkins,80040
2025,11/23,American - Presbyterian Dual,197,L,TF5,19 - 4 2:50,Liam Volk-Klos,78524,4 - 11,American,George Hopkins,80040
2025,11/09,Mountaineer Invitational,197,L,FALL,0:37,Robert Platt,93080,9 - 7,North Carolina,George Hopkins,80040
2025,11/09,Mountaineer Invitational,197,L,FALL,2:26,Pierce White,94434,1 - 6,Appalachian State,George Hopkins,80040
2024,03/09,SoCon Championships,197,L,FALL,2:16,David Harper,72573,7 - 8,Chattanooga,George Hopkins,80040
2024,03/09,SoCon Championships,197,L,FALL,1:34,Levi Hopkins,62508,27 - 8,Campbell,George Hopkins,80040
2024,02/23,Presbyterian - Davidson Dual,197,L,FALL,1:23,Cameo Blankenship,79784,13 - 16,Davidson,George Hopkins,80040
2024,02/22,Presbyterian - The Citadel Dual,197,L,TF5,17 - 0 5:14,Patrick Brophy,78688,18 - 12,The Citadel,George Hopkins,80040
2024,02/18,Campbell - Presbyterian Dual,197,L,FALL,1:56,Levi Hopkins,62508,27 - 8,Campbell,George Hopkins,80040
2024,02/15,Appalachian State - Presbyterian Dual,197,L,FALL,0:52,Carson Floyd,78561,14 - 8,Appalachian State,George Hopkins,80040
2024,02/11,Gardner-Webb - Presbyterian Dual,197,L,TF5,15 - 0 3:07,Joshua McCutchen,75730,12 - 18,Gardner-Webb,George Hopkins,80040
2024,02/09,Presbyterian - Chattanooga Dual,197,L,TF5,17 - 0 5:49,Ryan Stein,79015,1 - 8,Chattanooga,George Hopkins,80040
2024,02/03,VMI - Presbyterian Dual,197,L,FALL,4:53,Josh Evans,72531,8 - 19,VMI,George Hopkins,80040
2024,01/21,Queens - Presbyterian Dual,197,L,FALL,4:22,Riley Kuhn,72235,4 - 11,Queens,George Hopkins,80040
2024,01/19,Presbyterian - Bellarmine Dual,197,L,TF5,20 - 3 3:57,Justin Hoffer,84840,2 - 4,Bellarmine,George Hopkins,80040
2024,01/14,Truett-McConnell (Ga) - Presbyterian Dual,197,L,DEC,9 - 2,Elijah Hester,76711,Unlisted,Truett-McConnell,George Hopkins,80040
2024,01/12,Cleveland State - Presbyterian Dual,197,L,TF5,17 - 1 7:00,Carson Smith,78776,1 - 0,Cleveland State,George Hopkins,80040
2024,01/12,Little Rock - Presbyterian Dual,197,L,FALL,0:18,Stephen Little,73285,25 - 4,Little Rock,George Hopkins,80040
2024,01/05,David Lehman Open,197,L,TF5,19 - 4 2:41,Daniel Williams,84928,14 - 15,Navy,George Hopkins,80040
2024,01/05,David Lehman Open,197,L,MD,8 - 0,Michael Molina,75960,1 - 5,Sacred Heart,George Hopkins,80040
2024,12/03,Michigan State - Presbyterian Dual,197,L,FALL,2:43,Kael Wisler,79317,24 - 14,Michigan State,George Hopkins,80040
2024,11/17,Northern Colorado - Presbyterian Dual,197,L,FALL,1:26,Noah Pettigrew,72943,4 - 4,Northern Colorado,George Hopkins,80040
2024,11/17,Presbyterian - Sacred Heart Dual,197,L,FALL,0:21,Jake Trovato,84017,3 - 15,Sacred Heart,George Hopkins,80040
2024,11/11,Mountaineer Invitational,197,L,FALL,2:16,Colden Dorfman,73056,9 - 5,Virginia,George Hopkins,80040
2024,11/11,Mountaineer Invitational,197,L,TF5,18 - 0 3:24,Garrett Henigin,69523,1 - 4,Air Force,George Hopkins,80040
2024,11/01,NC State - Presbyterian Dual,197,L,TF5,17 - 2 7:00,Christian Knop,57096,16 - 5,NC State,George Hopkins,80040
2023,02/05,Newberry Open,197,L,MD,14 - 4,Zachary St Thomas,83755,Unlisted,South Carolina,George Hopkins,80040
2023,02/05,Newberry Open,197,L,DEC,4 - 3,Christian DeFronzo,81452,Unlisted,UNC Pembroke,George Hopkins,80040
2023,01/28,Appalachian Open,197,L,FALL,1:56,Krystian Kinsey,57061,4 - 6,Virginia,George Hopkins,80040
2023,01/28,Appalachian Open,197,L,FALL,1:58,Joshua McCutchen,75730,7 - 9,Gardner-Webb,George Hopkins,80040
2023,11/19,Presbyterian Queens ECM,197,L,DEC,19 - 12,Darius Ward,79828,1 - 5,Queens,George Hopkins,80040
2023,11/13,Battle at the Citadel,197,L,FALL,2:18,Nolan Cook,63337,Unlisted,Truett-McConnell,George Hopkins,80040
2023,11/13,Battle at the Citadel,197,L,FALL,0:36,Gavin Henry,61929,13 - 15,Davidson,George Hopkins,80040
2025,11/03,Sacred Heart - Presbyterian Dual,285,L,FALL,5:22,Brendan Gilchrist,84877,6 - 9,Sacred Heart,Nathan Carnes,84967
2024,01/21,Queens - Presbyterian Dual,285,W,DEC,14 - 13,Jamikael Lytle,79829,2 - 9,Queens,Nathan Carnes,84967
2024,01/05,David Lehman Open,285,W,DEC,6 - 4,Brentan Simmerman,84855,9 - 12,Kent State,Nathan Carnes,84967
2024,01/05,David Lehman Open,285,L,FALL,2:57,Jamier Ferere,78581,21 - 7,Navy,Nathan Carnes,84967
2024,01/05,David Lehman Open,285,L,MD,14 - 6,Austin Kohlhofer,78530,22 - 7,Army West Point,Nathan Carnes,84967
2024,01/05,David Lehman Open,285,W,MD,13 - 5,Jeffrey Crooks,72111,4 - 12,Harvard,Nathan Carnes,84967
2024,01/05,David Lehman Open,285,W,DEC,10 - 6,Larry Vola,79092,5 - 6,Maryland,Nathan Carnes,84967
2024,01/05,David Lehman Open,285,W,MFOR,0 - 0,Seth Nevills,50625,16 - 11,Maryland,Nathan Carnes,84967
2024,12/03,Michigan State - Presbyterian Dual,285,L,INJ,3:00,Josh Terrill,79322,25 - 15,Michigan State,Nathan Carnes,84967
2024,12/03,Presbyterian - Franklin & Marshall Dual,285,W,DEC,4 - 2,Harrison Shapiro,67284,4 - 16,Franklin & Marshall,Nathan Carnes,84967
2024,11/17,Presbyterian - Sacred Heart Dual,285,W,FALL,2:18,Marc Berisha,79735,1 - 14,Sacred Heart,Nathan Carnes,84967
2024,11/11,Mountaineer Open,285,W,FALL,6:00,Peter Nesheiwat,84971,0 - 2,Presbyterian,Nathan Carnes,84967
2024,11/11,Mountaineer Open,285,W,FALL,1:21,DJ Spring,84457,3 - 10,Davidson,Nathan Carnes,84967
2024,11/11,Mountaineer Open,285,L,DEC,6 - 2,James Bankston,84260,2 - 4,Appalachian State,Nathan Carnes,84967
2024,11/11,Mountaineer Open,285,W,MD,15 - 1,Levi Andrews,75727,6 - 9,Appalachian State,Nathan Carnes,84967
2025,03/07,SoCon Championships,285,W,FALL,2:29,DJ Spring,84457,2 - 17,Davidson,Morvens Saint Jean,78606
2025,03/07,SoCon Championships,285,L,FALL,3:24,Landon Sargent,93074,9 - 11,Campbell,Morvens Saint Jean,78606
2025,03/07,SoCon Championships,285,L,FALL,1:26,Daulton Mayer,70836,23 - 12,Bellarmine,Morvens Saint Jean,78606
2025,02/20,Presbyterian - VMI Dual,285,L,DEC,10 - 3,Josh Evans,72531,13 - 16,VMI,Morvens Saint Jean,78606
2025,02/14,Bellarmine - Presbyterian Dual,285,L,FALL,0:55,Daulton Mayer,70836,23 - 12,Bellarmine,Morvens Saint Jean,78606
2025,02/12,Truett-McConnell (Ga) - Presbyterian Dual,285,W,TF5,22 - 6 3:30,Elijah Hester,76711,Unlisted,Truett-McConnell,Morvens Saint Jean,78606
2025,02/09,Campbell - Presbyterian Dual,285,W,DEC,5 - 0,Sawyer Van Rider,93071,0 - 4,Campbell,Morvens Saint Jean,78606
2025,02/07,Presbyterian - Gardner-Webb Dual,285,L,FALL,3:20,Peyton McComas,71831,4 - 5,Gardner-Webb,Morvens Saint Jean,78606
2025,01/26,Presbyterian - The Citadel Dual,285,L,DEC,2 - 1,Adam Ortega,78687,7 - 6,The Citadel,Morvens Saint Jean,78606
2025,01/24,Air Force - Presbyterian Dual,285,L,FALL,6:46,Antonio Ramos,73316,14 - 17,Air Force,Morvens Saint Jean,78606
2025,01/04,Southern Scuffle,285,W,MD,9 - 0,Kaleb Wright,84679,1 - 6,Campbell,Morvens Saint Jean,78606
2025,01/04,Southern Scuffle,285,L,MD,15 - 7,Remington Peterson,78459,2 - 11,Northern Colorado,Morvens Saint Jean,78606
2025,01/04,Southern Scuffle,285,L,TF5,17 - 2 4:27,Gabe Christenson,61850,7 - 10,Virginia,Morvens Saint Jean,78606
2025,11/23,Utah Valley - Presbyterian Dual,285,L,FALL,1:11,Jack Forbes,71805,7 - 14,Utah Valley,Morvens Saint Jean,78606
2025,11/23,Presbyterian - Duke Dual,285,L,FALL,4:08,Connor Barket,78767,23 - 12,Duke,Morvens Saint Jean,78606
2025,11/23,American - Presbyterian Dual,285,W,FALL,4:05,Emmanuel Ulrich,79388,10 - 8,American,Morvens Saint Jean,78606
2025,11/17,Davidson - Presbyterian Dual,285,W,FALL,4:05,DJ Spring,84457,2 - 17,Davidson,Morvens Saint Jean,78606
2025,11/09,Mountaineer Open,285,L,FALL,1:38,Parker Ferrell,78812,11 - 8,Virginia Tech,Morvens Saint Jean,78606
2025,11/09,Mountaineer Open,285,W,DEC,7 - 3,Stephan Monchery,90810,15 - 10,Appalachian State,Morvens Saint Jean,78606
2024,03/09,SoCon Championships,285,L,MD,13 - 1,Jacob Sartorio,65393,19 - 11,Appalachian State,Morvens Saint Jean,78606
2024,03/09,SoCon Championships,285,L,FALL,3:24,Kaleb Snodgrass,64676,6 - 12,Chattanooga,Morvens Saint Jean,78606
2024,02/23,Presbyterian - Davidson Dual,285,L,DEC,4 - 1,Jake Fernicola,62822,12 - 17,Davidson,Morvens Saint Jean,78606
2024,02/22,Presbyterian - The Citadel Dual,285,L,FALL,2:25,Ben Stemmet,65010,18 - 12,The Citadel,Morvens Saint Jean,78606
2024,02/18,Campbell - Presbyterian Dual,285,L,FALL,0:53,Taye Ghadiali,62500,35 - 6,Campbell,Morvens Saint Jean,78606
2024,02/15,Appalachian State - Presbyterian Dual,285,L,DEC,8 - 3,Jacob Sartorio,65393,19 - 11,Appalachian State,Morvens Saint Jean,78606
2024,02/11,Gardner-Webb - Presbyterian Dual,285,L,FALL,0:52,Peyton McComas,71831,10 - 18,Gardner-Webb,Morvens Saint Jean,78606
2024,02/09,Presbyterian - Chattanooga Dual,285,L,MD,11 - 3,Kaleb Snodgrass,64676,6 - 12,Chattanooga,Morvens Saint Jean,78606
2024,02/03,VMI - Presbyterian Dual,285,L,TF5,21 - 3 4:39,Tyler Mousaw,67432,10 - 14,VMI,Morvens Saint Jean,78606
2024,01/19,Presbyterian - Bellarmine Dual,285,L,FALL,4:16,Thadd Huff,79335,12 - 6,Bellarmine,Morvens Saint Jean,78606
2024,01/12,Cleveland State - Presbyterian Dual,285,L,FALL,2:20,Daniel Bucknavich,62488,24 - 6,Cleveland State,Morvens Saint Jean,78606
2024,01/12,Little Rock - Presbyterian Dual,285,L,FALL,0:44,Josiah Hill,65931,24 - 11,Little Rock,Morvens Saint Jean,78606
2024,01/05,David Lehman Open,285,L,FALL,1:58,Aeden Begue,72233,12 - 9,LIU,Morvens Saint Jean,78606
2024,01/05,David Lehman Open,285,L,FALL,1:27,Cory Day,62418,27 - 9,Binghamton,Morvens Saint Jean,78606
2024,12/03,Presbyterian - Bloomsburg Dual,285,W,DEC,5 - 2,Tyler McCatharn,79217,4 - 16,Bloomsburg,Morvens Saint Jean,78606
2024,11/17,Northern Colorado - Presbyterian Dual,285,L,FALL,1:09,Xavier Doolin,70921,8 - 9,Northern Colorado,Morvens Saint Jean,78606
2024,11/11,Mountaineer Invitational,285,L,TF5,15 - 0 1:19,Peyton McComas,71831,10 - 18,Gardner-Webb,Morvens Saint Jean,78606
2024,11/11,Mountaineer Invitational,285,L,FALL,2:53,Jacob Sartorio,65393,19 - 11,Appalachian State,Morvens Saint Jean,78606
2024,11/11,Mountaineer Invitational,285,L,FALL,2:37,Antonio Ramos,73316,5 - 6,Air Force,Morvens Saint Jean,78606
2024,11/01,NC State - Presbyterian Dual,285,L,FALL,1:45,Chase Horne,72952,15 - 8,NC State,Morvens Saint Jean,78606
2023,03/04,SoCon Championships,285,L,FALL,3:12,Josh Evans,72531,16 - 15,VMI,Morvens Saint Jean,78606
2023,03/04,SoCon Championships,285,L,FALL,0:56,Taye Ghadiali,62500,27 - 5,Campbell,Morvens Saint Jean,78606
2023,02/23,Presbyterian - Bellarmine Dual,285,L,FALL,6:02,Thadd Huff,79335,10 - 7,Bellarmine,Morvens Saint Jean,78606
2023,02/19,Presbyterian - Appalachian State Dual,285,L,FALL,2:41,Jacob Sartorio,65393,17 - 14,Appalachian State,Morvens Saint Jean,78606
2023,01/28,Presbyterian - Campbell Dual,285,L,FALL,0:42,Chad Nix,64674,8 - 5,Campbell,Morvens Saint Jean,78606
2023,01/27,Chattanooga - Presbyterian Dual,285,L,FALL,2:16,Logan Andrew,59757,9 - 14,Chattanooga,Morvens Saint Jean,78606
2023,01/22,Presbyterian The Citadel ECM,285,L,FALL,0:16,Ben Stemmet,65010,4 - 8,The Citadel,Morvens Saint Jean,78606
2023,01/22,The Citadel - Presbyterian Dual,285,L,FALL,4:58,Jonathan Chesser,73052,20 - 10,The Citadel,Morvens Saint Jean,78606
2023,01/22,VMI - Presbyterian Dual,285,L,DEC,5 - 1,Josh Evans,72531,16 - 15,VMI,Morvens Saint Jean,78606
2023,01/06,David Lehman Open,285,L,FALL,2:09,Dom Petracci,79380,4 - 8,Drexel,Morvens Saint Jean,78606
2023,01/06,David Lehman Open,285,L,FALL,4:39,Lucas Stoddard,78565,Unlisted,United States Military Academy,Morvens Saint Jean,78606
2023,01/05,Presbyterian - Franklin & Marshall Dual,285,L,MD,12 - 4,Vincenzo Pelusi,50112,11 - 6,Franklin & Marshall,Morvens Saint Jean,78606
2023,12/21,Duke - Presbyterian Dual,285,L,FALL,1:37,Brayden Ray,57271,3 - 7,Duke,Morvens Saint Jean,78606
2023,12/21,George Mason - Presbyterian Dual,285,L,DEC,3 - 1,Donovan Sprouse,78363,5 - 15,George Mason,Morvens Saint Jean,78606
2023,12/16,Presbyterian - Davidson Dual,285,L,DEC,5 - 0,Jake Fernicola,62822,8 - 7,Davidson,Morvens Saint Jean,78606
2023,11/13,Battle at the Citadel,285,L,FALL,2:25,Juan Edmonds-Holmes,69878,Unlisted,Lander,Morvens Saint Jean,78606
2023,11/13,Battle at the Citadel,285,W,MFOR,0 - 0,Ryan Stein,79015,0 - 1,Chattanooga,Morvens Saint Jean,78606
2023,11/13,Battle at the Citadel,285,L,FALL,1:17,Ben Stemmet,65010,4 - 8,The Citadel,Morvens Saint Jean,78606
